тип_датчика,значение,семантический_класс,событий,доля_в_типе_проц,каналов,тревог,доля_тревог_проц,уник_значений,год_с,год_по
(НЕТ В СПРАВОЧНИКЕ),Обнаружено движение,СРАБОТКА,2728310,28.902,89,4442.0,0.16,1,2019,2023
(НЕТ В СПРАВОЧНИКЕ),Движения нет,НОРМА,2728309,28.902,88,0.0,0.0,1,2019,2023
(НЕТ В СПРАВОЧНИКЕ),Норма,НОРМА,1322604,14.0109,1136,0.0,0.0,1,2019,2026
(НЕТ В СПРАВОЧНИКЕ),Неопределен,НЕОПРЕДЕЛЕНО,1100024,11.653,1136,0.0,0.0,1,2019,2026
(НЕТ В СПРАВОЧНИКЕ),<ЧИСЛО>,МУСОР,954343,10.1097,187,0.0,0.0,287,2019,2023
(НЕТ В СПРАВОЧНИКЕ),Не замкнут,СРАБОТКА,205055,2.1722,320,110969.0,54.12,1,2019,2025
(НЕТ В СПРАВОЧНИКЕ),Выключен,ОТКЛЮЧЕНО,122201,1.2945,543,0.0,0.0,1,2019,2025
(НЕТ В СПРАВОЧНИКЕ),Включен,НОРМА,116096,1.2298,142,0.0,0.0,1,2019,2023
(НЕТ В СПРАВОЧНИКЕ),Обесточен,СРАБОТКА,44955,0.4762,166,3180.0,7.07,1,2019,2024
(НЕТ В СПРАВОЧНИКЕ),Есть питание,НОРМА,41349,0.438,139,0.0,0.0,1,2019,2023
(НЕТ В СПРАВОЧНИКЕ),Неисправен,ОТКАЗ,12645,0.134,274,9589.0,75.83,1,2019,2026
(НЕТ В СПРАВОЧНИКЕ),Работают все насосы в АНС,СРАБОТКА,11429,0.1211,8,11418.0,99.9,1,2019,2023
(НЕТ В СПРАВОЧНИКЕ),Дыма нет,НОРМА,7786,0.0825,159,0.0,0.0,1,2019,2023
(НЕТ В СПРАВОЧНИКЕ),Обнаружен дым,СРАБОТКА,7778,0.0824,157,1399.0,17.99,1,2019,2023
(НЕТ В СПРАВОЧНИКЕ),<ДАТА-ВРЕМЯ В ЗНАЧЕНИИ>,МУСОР,5221,0.0553,4,0.0,0.0,2626,2019,2023
(НЕТ В СПРАВОЧНИКЕ),Снято с охраны,ОТКЛЮЧЕНО,4965,0.0526,4,0.0,0.0,1,2019,2023
(НЕТ В СПРАВОЧНИКЕ),На охране,НОРМА,4963,0.0526,4,0.0,0.0,1,2019,2023
(НЕТ В СПРАВОЧНИКЕ),Обнаружен газ,СРАБОТКА,3964,0.042,56,3432.0,86.58,1,2019,2021
(НЕТ В СПРАВОЧНИКЕ),Питание от сети,НОРМА,3320,0.0352,6,0.0,0.0,1,2019,2026
(НЕТ В СПРАВОЧНИКЕ),Питание от батарей,СРАБОТКА,2639,0.028,6,2518.0,95.41,1,2019,2026
(НЕТ В СПРАВОЧНИКЕ),Затоплен,ОТКАЗ,2152,0.0228,7,1780.0,82.71,1,2019,2023
(НЕТ В СПРАВОЧНИКЕ),В норме от +3 до +40,НОРМА,2067,0.0219,115,0.0,0.0,1,2019,2023
(НЕТ В СПРАВОЧНИКЕ),Не определено,ОТКАЗ,1497,0.0159,94,1472.0,98.33,1,2019,2023
(НЕТ В СПРАВОЧНИКЕ),Разговор,СРАБОТКА,1381,0.0146,16,0.0,0.0,1,2019,2022
(НЕТ В СПРАВОЧНИКЕ),Вызов,СРАБОТКА,941,0.01,16,0.0,0.0,1,2019,2022
(НЕТ В СПРАВОЧНИКЕ),Батарея неисправна,ОТКАЗ,763,0.0081,4,0.0,0.0,1,2020,2026
(НЕТ В СПРАВОЧНИКЕ),Много неисправных устройств,ОТКАЗ,704,0.0075,4,704.0,100.0,1,2019,2023
(НЕТ В СПРАВОЧНИКЕ),Устройства на объекте исправны,НОРМА,703,0.0074,4,0.0,0.0,1,2019,2023
(НЕТ В СПРАВОЧНИКЕ),Рычаг норма,НОРМА,446,0.0047,19,0.0,0.0,1,2019,2022
(НЕТ В СПРАВОЧНИКЕ),Рычаг сдернут,СРАБОТКА,446,0.0047,19,66.0,14.8,1,2019,2022
(НЕТ В СПРАВОЧНИКЕ),Температура ниже 3ºC,СРАБОТКА,433,0.0046,50,431.0,99.54,1,2019,2023
(НЕТ В СПРАВОЧНИКЕ),Температура выше 40ºC,СРАБОТКА,156,0.0017,22,156.0,100.0,1,2019,2021
(НЕТ В СПРАВОЧНИКЕ),Отключено устройство,ОТКЛЮЧЕНО,124,0.0013,101,99.0,79.84,1,2019,2025
(НЕТ В СПРАВОЧНИКЕ),Батарея разряжена,ОТКАЗ,85,0.0009,3,85.0,100.0,1,2020,2025
9-секционный люк,Норма,НОРМА,252,50.1992,9,0.0,0.0,1,2025,2026
9-секционный люк,Неопределен,НЕОПРЕДЕЛЕНО,159,31.6733,9,0.0,0.0,1,2025,2026
9-секционный люк,Не замкнут,СРАБОТКА,73,14.5418,9,73.0,100.0,1,2025,2026
9-секционный люк,Неисправен,ОТКАЗ,14,2.7888,9,14.0,100.0,1,2025,2026
9-секционный люк,Выключен,ОТКЛЮЧЕНО,4,0.7968,3,0.0,0.0,1,2025,2025
Газовый датчик,<ЧИСЛО>,ТЕЛЕМЕТРИЯ_ЧИСЛО,221384717,98.8271,482,0.0,0.0,1270,2019,2026
Газовый датчик,<ЧИСЛО>,МУСОР,1680727,0.7503,50,0.0,0.0,147,2020,2026
Газовый датчик,Норма,НОРМА,469929,0.2098,529,0.0,0.0,1,2019,2026
Газовый датчик,Неопределен,НЕОПРЕДЕЛЕНО,404033,0.1804,529,0.0,0.0,1,2019,2026
Газовый датчик,Неисправен,ОТКАЗ,49031,0.0219,401,43646.0,89.02,1,2019,2026
Газовый датчик,Обнаружен газ,СРАБОТКА,17820,0.008,529,10089.0,56.62,1,2019,2026
Газовый датчик,Выключен,ОТКЛЮЧЕНО,5731,0.0026,503,0.0,0.0,1,2019,2025
Газовый датчик,Отключено устройство,ОТКЛЮЧЕНО,127,0.0001,56,113.0,88.98,1,2019,2026
Газовый датчик,Рычаг норма,НОРМА,2,0.0,2,0.0,0.0,1,2022,2022
Газовый датчик,Не замкнут,СРАБОТКА,1,0.0,1,1.0,100.0,1,2021,2021
Датчик движения,Движения нет,НОРМА,25501142,49.542,804,0.0,0.0,1,2019,2026
Датчик движения,Обнаружено движение,СРАБОТКА,25501120,49.542,804,203207.0,0.8,1,2019,2026
Датчик движения,Норма,НОРМА,235461,0.4574,804,0.0,0.0,1,2019,2026
Датчик движения,Неопределен,НЕОПРЕДЕЛЕНО,132939,0.2583,804,0.0,0.0,1,2019,2026
Датчик движения,Не замкнут,СРАБОТКА,99389,0.1931,4,197.0,0.2,1,2019,2022
Датчик движения,Неисправен,ОТКАЗ,1816,0.0035,133,1186.0,65.31,1,2019,2026
Датчик движения,Отключено устройство,ОТКЛЮЧЕНО,1158,0.0022,78,354.0,30.57,1,2020,2026
Датчик движения,Выключен,ОТКЛЮЧЕНО,699,0.0014,227,0.0,0.0,1,2019,2025
Датчик движения,<ЧИСЛО>,МУСОР,5,0.0,5,0.0,0.0,4,2022,2023
Датчик движения,В норме от +3 до +40,НОРМА,4,0.0,4,0.0,0.0,1,2022,2022
Датчик движения,Обесточен,СРАБОТКА,2,0.0,2,0.0,0.0,1,2023,2023
Датчик движения,Питание от сети,НОРМА,1,0.0,1,0.0,0.0,1,2022,2022
Датчик дыма,Норма,НОРМА,1808800,45.6581,4337,0.0,0.0,1,2019,2026
Датчик дыма,Неисправен,ОТКАЗ,1169182,29.5127,2844,1124758.0,96.2,1,2019,2026
Датчик дыма,Неопределен,НЕОПРЕДЕЛЕНО,645664,16.298,4337,0.0,0.0,1,2019,2026
Датчик дыма,Дыма нет,НОРМА,165823,4.1857,4337,0.0,0.0,1,2019,2026
Датчик дыма,Обнаружен дым,СРАБОТКА,164288,4.147,4337,42433.0,25.83,1,2019,2026
Датчик дыма,Отключено устройство,ОТКЛЮЧЕНО,3966,0.1001,1805,3430.0,86.49,1,2019,2026
Датчик дыма,Выключен,ОТКЛЮЧЕНО,3634,0.0917,1279,0.0,0.0,1,2019,2026
Датчик дыма,Не замкнут,СРАБОТКА,248,0.0063,8,37.0,14.92,1,2019,2026
Датчик дыма,Движения нет,НОРМА,14,0.0004,14,0.0,0.0,1,2019,2026
Датчик дыма,Обесточен,СРАБОТКА,2,0.0001,1,0.0,0.0,1,2021,2021
Датчик дыма,Есть питание,НОРМА,1,0.0,1,0.0,0.0,1,2021,2021
Датчик затопления,Норма,НОРМА,6206,49.9517,25,0.0,0.0,1,2019,2026
Датчик затопления,Не замкнут,СРАБОТКА,3732,30.0386,25,3726.0,99.84,1,2019,2026
Датчик затопления,Неопределен,НЕОПРЕДЕЛЕНО,2462,19.8165,25,0.0,0.0,1,2019,2026
Датчик затопления,Выключен,ОТКЛЮЧЕНО,9,0.0724,7,0.0,0.0,1,2019,2025
Датчик затопления,Неисправен,ОТКАЗ,8,0.0644,1,8.0,100.0,1,2024,2025
Датчик затопления,Отключено устройство,ОТКЛЮЧЕНО,5,0.0402,4,5.0,100.0,1,2024,2026
Датчик затопления,Движения нет,НОРМА,2,0.0161,2,0.0,0.0,1,2022,2022
Датчик температуры,<ЧИСЛО>,ТЕЛЕМЕТРИЯ_ЧИСЛО,1048899,74.4179,600,0.0,0.0,99,2019,2026
Датчик температуры,Норма,НОРМА,152266,10.8031,600,0.0,0.0,1,2019,2026
Датчик температуры,Неопределен,НЕОПРЕДЕЛЕНО,111534,7.9132,600,0.0,0.0,1,2019,2026
Датчик температуры,Неисправен,ОТКАЗ,40388,2.8655,43,40387.0,100.0,1,2019,2026
Датчик температуры,В норме от +3 до +40,НОРМА,18023,1.2787,590,0.0,0.0,1,2019,2026
Датчик температуры,<ЧИСЛО>,МУСОР,15335,1.088,419,0.0,0.0,149,2019,2026
Датчик температуры,Не определено,ОТКАЗ,10339,0.7335,400,9197.0,88.95,1,2019,2026
Датчик температуры,Температура ниже 3ºC,СРАБОТКА,10025,0.7113,387,8840.0,88.18,1,2019,2026
Датчик температуры,Температура выше 40ºC,СРАБОТКА,1949,0.1383,108,1509.0,77.42,1,2019,2026
Датчик температуры,Выключен,ОТКЛЮЧЕНО,536,0.038,164,0.0,0.0,1,2019,2025
Датчик температуры,Отключено устройство,ОТКЛЮЧЕНО,152,0.0108,79,152.0,100.0,1,2019,2026
Датчик температуры,Движения нет,НОРМА,24,0.0017,23,0.0,0.0,1,2022,2026
Датчик температуры,Не замкнут,СРАБОТКА,1,0.0001,1,1.0,100.0,1,2025,2025
Датчик температуры,Обнаружено движение,СРАБОТКА,1,0.0001,1,1.0,100.0,1,2026,2026
ИБП,Норма,НОРМА,37210,29.5482,80,0.0,0.0,1,2019,2026
ИБП,Неопределен,НЕОПРЕДЕЛЕНО,35245,27.9878,80,0.0,0.0,1,2019,2026
ИБП,Питание от сети,НОРМА,22884,18.172,80,0.0,0.0,1,2019,2026
ИБП,Питание от батарей,СРАБОТКА,20402,16.2011,80,20125.0,98.64,1,2019,2026
ИБП,<ЧИСЛО>,ТЕЛЕМЕТРИЯ_ЧИСЛО,4721,3.7489,47,0.0,0.0,45,2019,2026
ИБП,Батарея неисправна,ОТКАЗ,2691,2.1369,31,0.0,0.0,1,2019,2026
ИБП,Неисправен,ОТКАЗ,2009,1.5953,56,1996.0,99.35,1,2019,2026
ИБП,Выключен,ОТКЛЮЧЕНО,514,0.4082,41,0.0,0.0,1,2019,2025
ИБП,Батарея разряжена,ОТКАЗ,224,0.1779,27,202.0,90.18,1,2019,2026
ИБП,Отключено устройство,ОТКЛЮЧЕНО,25,0.0199,17,25.0,100.0,1,2020,2026
ИБП,Движения нет,НОРМА,2,0.0016,1,0.0,0.0,1,2026,2026
ИБП,Не замкнут,СРАБОТКА,2,0.0016,1,2.0,100.0,1,2020,2020
ИБП,Обнаружено движение,СРАБОТКА,1,0.0008,1,1.0,100.0,1,2026,2026
КД АВ,Норма,НОРМА,310247,49.9803,397,0.0,0.0,1,2019,2026
КД АВ,Не замкнут,СРАБОТКА,239068,38.5134,397,229713.0,96.09,1,2019,2026
КД АВ,Неопределен,НЕОПРЕДЕЛЕНО,69623,11.2161,397,0.0,0.0,1,2019,2026
КД АВ,Неисправен,ОТКАЗ,916,0.1476,99,916.0,100.0,1,2019,2026
КД АВ,Выключен,ОТКЛЮЧЕНО,479,0.0772,158,0.0,0.0,1,2019,2025
КД АВ,Отключено устройство,ОТКЛЮЧЕНО,389,0.0627,55,389.0,100.0,1,2019,2026
КД АВ,Движения нет,НОРМА,9,0.0014,8,0.0,0.0,1,2026,2026
КД АВ,Обесточен,СРАБОТКА,4,0.0006,2,0.0,0.0,1,2023,2023
КД АВ,Есть питание,НОРМА,2,0.0003,2,0.0,0.0,1,2023,2023
КД АВ,Обнаружено движение,СРАБОТКА,1,0.0002,1,1.0,100.0,1,2026,2026
КД АВ,<ЧИСЛО>,МУСОР,1,0.0002,1,0.0,0.0,1,2023,2023
КД Дверь,Норма,НОРМА,2368802,47.5038,917,0.0,0.0,1,2019,2026
КД Дверь,Не замкнут,СРАБОТКА,2213894,44.3973,917,37202.0,1.68,1,2019,2026
КД Дверь,Неопределен,НЕОПРЕДЕЛЕНО,153840,3.0851,917,0.0,0.0,1,2019,2026
КД Дверь,Движения нет,НОРМА,124407,2.4948,21,0.0,0.0,1,2019,2026
КД Дверь,Обнаружено движение,СРАБОТКА,124391,2.4945,9,133.0,0.11,1,2019,2026
КД Дверь,Выключен,ОТКЛЮЧЕНО,623,0.0125,238,0.0,0.0,1,2019,2025
КД Дверь,Неисправен,ОТКАЗ,360,0.0072,81,66.0,18.33,1,2019,2026
КД Дверь,Отключено устройство,ОТКЛЮЧЕНО,227,0.0046,128,113.0,49.78,1,2019,2026
КД Дверь,<ЧИСЛО>,МУСОР,5,0.0001,5,0.0,0.0,4,2022,2024
КД Дверь,В норме от +3 до +40,НОРМА,2,0.0,2,0.0,0.0,1,2022,2022
КД Дверь,Обесточен,СРАБОТКА,2,0.0,2,0.0,0.0,1,2022,2024
КД Дверь,Не определено,ОТКАЗ,1,0.0,1,1.0,100.0,1,2022,2022
КД Дверь,Питание от сети,НОРМА,1,0.0,1,0.0,0.0,1,2022,2022
КД Люк,Норма,НОРМА,17989,49.8877,55,0.0,0.0,1,2019,2026
КД Люк,Неопределен,НЕОПРЕДЕЛЕНО,14151,39.244,55,0.0,0.0,1,2019,2026
КД Люк,Не замкнут,СРАБОТКА,3689,10.2305,55,3684.0,99.86,1,2019,2026
КД Люк,Неисправен,ОТКАЗ,120,0.3328,8,120.0,100.0,1,2022,2026
КД Люк,Выключен,ОТКЛЮЧЕНО,72,0.1997,31,0.0,0.0,1,2019,2025
КД Люк,Отключено устройство,ОТКЛЮЧЕНО,35,0.0971,9,35.0,100.0,1,2020,2026
КД Люк,Движения нет,НОРМА,3,0.0083,3,0.0,0.0,1,2026,2026
Переключатель,Выключен,НОРМА,933685,29.9444,801,0.0,0.0,1,2019,2026
Переключатель,Включен,СРАБОТКА,925045,29.6673,801,0.0,0.0,1,2019,2026
Переключатель,Норма,НОРМА,629717,20.1958,801,0.0,0.0,1,2019,2026
Переключатель,Неопределен,НЕОПРЕДЕЛЕНО,629135,20.1771,784,0.0,0.0,1,2019,2026
Переключатель,Отключено устройство,ОТКЛЮЧЕНО,479,0.0154,180,477.0,99.58,1,2020,2026
Ручной извещатель,Норма,НОРМА,22452,48.7345,130,0.0,0.0,1,2019,2026
Ручной извещатель,Неисправен,ОТКАЗ,10660,23.1387,99,10643.0,99.84,1,2019,2026
Ручной извещатель,Неопределен,НЕОПРЕДЕЛЕНО,9897,21.4825,130,0.0,0.0,1,2019,2026
Ручной извещатель,Не замкнут,СРАБОТКА,2324,5.0445,130,836.0,35.97,1,2019,2026
Ручной извещатель,Отключено устройство,ОТКЛЮЧЕНО,232,0.5036,94,231.0,99.57,1,2022,2026
Ручной извещатель,Рычаг норма,НОРМА,189,0.4102,8,0.0,0.0,1,2019,2021
Ручной извещатель,Рычаг сдернут,СРАБОТКА,189,0.4102,8,19.0,10.05,1,2019,2021
Ручной извещатель,Выключен,ОТКЛЮЧЕНО,46,0.0998,10,0.0,0.0,1,2019,2022
Ручной извещатель,Движения нет,НОРМА,42,0.0912,3,0.0,0.0,1,2020,2026
Ручной извещатель,Обнаружено движение,СРАБОТКА,39,0.0847,1,39.0,100.0,1,2020,2020
Состояние УИР-Р,Норма,НОРМА,2753658,48.4415,762,0.0,0.0,1,2019,2026
Состояние УИР-Р,Неопределен,НЕОПРЕДЕЛЕНО,2643079,46.4962,762,0.0,0.0,1,2019,2026
Состояние УИР-Р,Разговор,СРАБОТКА,106728,1.8775,751,0.0,0.0,1,2019,2026
Состояние УИР-Р,Вызов,СРАБОТКА,92636,1.6296,715,0.0,0.0,1,2019,2026
Состояние УИР-Р,Рычаг норма,НОРМА,41466,0.7295,762,0.0,0.0,1,2019,2026
Состояние УИР-Р,Рычаг сдернут,СРАБОТКА,41458,0.7293,762,5455.0,13.16,1,2019,2026
Состояние УИР-Р,Выключен,ОТКЛЮЧЕНО,3463,0.0609,373,0.0,0.0,1,2019,2026
Состояние УИР-Р,Не замкнут,СРАБОТКА,1324,0.0233,35,143.0,10.8,1,2021,2026
Состояние УИР-Р,Отключено устройство,ОТКЛЮЧЕНО,566,0.01,187,434.0,76.68,1,2019,2026
Состояние УИР-Р,Неисправен,ОТКАЗ,97,0.0017,57,39.0,40.21,1,2019,2025
Состояние УИР-Р,Движения нет,НОРМА,17,0.0003,9,0.0,0.0,1,2026,2026
Состояние УИР-Р,Обнаружено движение,СРАБОТКА,8,0.0001,8,8.0,100.0,1,2026,2026
Состояние вентилятора,Выключен,НОРМА,632600,31.8242,354,0.0,0.0,1,2019,2026
Состояние вентилятора,Включен,СРАБОТКА,552880,27.8137,354,0.0,0.0,1,2019,2026
Состояние вентилятора,Норма,НОРМА,358615,18.0408,354,0.0,0.0,1,2019,2026
Состояние вентилятора,Неопределен,НЕОПРЕДЕЛЕНО,282058,14.1895,345,0.0,0.0,1,2019,2026
Состояние вентилятора,Обесточен,ОТКАЗ,82703,4.1605,235,74749.0,90.38,1,2019,2026
Состояние вентилятора,Неисправен,ОТКАЗ,78692,3.9588,235,70704.0,89.85,1,2019,2026
Состояние вентилятора,Отключено устройство,ОТКЛЮЧЕНО,249,0.0125,82,249.0,100.0,1,2019,2026
Состояние насоса,Выключен,НОРМА,613838,31.053,180,0.0,0.0,1,2019,2026
Состояние насоса,Включен,СРАБОТКА,506623,25.6292,180,0.0,0.0,1,2019,2026
Состояние насоса,Норма,НОРМА,309287,15.6463,180,0.0,0.0,1,2019,2026
Состояние насоса,Неопределен,НЕОПРЕДЕЛЕНО,198016,10.0173,179,0.0,0.0,1,2019,2026
Состояние насоса,Неисправен,ОТКАЗ,108872,5.5076,180,97569.0,89.62,1,2019,2026
Состояние насоса,Обесточен,ОТКАЗ,96277,4.8705,180,85619.0,88.93,1,2019,2026
Состояние насоса,Работают все насосы в АНС,СРАБОТКА,80800,4.0875,51,80366.0,99.46,1,2019,2026
Состояние насоса,Затоплен,ОТКАЗ,62285,3.1509,178,53679.0,86.18,1,2019,2026
Состояние насоса,Отключено устройство,ОТКЛЮЧЕНО,746,0.0377,56,746.0,100.0,1,2019,2026
Состояние охраны,<ДАТА-ВРЕМЯ В ЗНАЧЕНИИ>,МУСОР,126287,40.0072,47,0.0,0.0,45566,2019,2026
Состояние охраны,На охране,НОРМА,78436,24.8482,47,0.0,0.0,1,2019,2026
Состояние охраны,Снято с охраны,ОТКЛЮЧЕНО,78421,24.8434,47,0.0,0.0,1,2019,2026
Состояние охраны,Много неисправных устройств,ОТКАЗ,8131,2.5759,47,8097.0,99.58,1,2019,2026
Состояние охраны,Устройства на объекте исправны,НОРМА,8128,2.5749,47,0.0,0.0,1,2019,2026
Состояние охраны,Норма,НОРМА,8116,2.5711,47,0.0,0.0,1,2019,2026
Состояние охраны,Неопределен,НЕОПРЕДЕЛЕНО,8108,2.5686,47,0.0,0.0,1,2019,2026
Состояние охраны,Выключен,ОТКЛЮЧЕНО,32,0.0101,13,0.0,0.0,1,2020,2026
Состояние охраны,Движения нет,НОРМА,2,0.0006,2,0.0,0.0,1,2026,2026
Состояние фазы,Обесточен,СРАБОТКА,1064438,27.9716,953,0.0,0.0,1,2019,2026
Состояние фазы,Есть питание,НОРМА,1064405,27.9708,949,0.0,0.0,1,2019,2026
Состояние фазы,Норма,НОРМА,836611,21.9847,957,0.0,0.0,1,2019,2026
Состояние фазы,Неопределен,НЕОПРЕДЕЛЕНО,811628,21.3282,929,0.0,0.0,1,2019,2026
Состояние фазы,Неисправен,ОТКАЗ,25466,0.6692,294,25297.0,99.34,1,2019,2026
Состояние фазы,Выключен,ОТКЛЮЧЕНО,1315,0.0346,172,0.0,0.0,1,2019,2025
Состояние фазы,Включен,НОРМА,866,0.0228,4,0.0,0.0,1,2019,2019
Состояние фазы,Отключено устройство,ОТКЛЮЧЕНО,684,0.018,224,684.0,100.0,1,2020,2026
Состояние фазы,<ЧИСЛО>,МУСОР,4,0.0001,2,0.0,0.0,3,2021,2025
Состояние фазы,Не замкнут,СРАБОТКА,3,0.0001,3,3.0,100.0,1,2019,2019
Состояние фазы,Температура ниже 3ºC,СРАБОТКА,1,0.0,1,1.0,100.0,1,2021,2021
Стекло,Норма,НОРМА,15830,49.9574,29,0.0,0.0,1,2019,2026
Стекло,Не замкнут,СРАБОТКА,10600,33.4522,29,9618.0,90.74,1,2019,2026
Стекло,Неопределен,НЕОПРЕДЕЛЕНО,5068,15.9939,29,0.0,0.0,1,2019,2026
Стекло,Выключен,ОТКЛЮЧЕНО,188,0.5933,9,0.0,0.0,1,2019,2024
Стекло,Отключено устройство,ОТКЛЮЧЕНО,1,0.0032,1,1.0,100.0,1,2026,2026
Тепловой датчик,Норма,НОРМА,250462,49.986,472,0.0,0.0,1,2019,2026
Тепловой датчик,Неопределен,НЕОПРЕДЕЛЕНО,246676,49.2304,472,0.0,0.0,1,2019,2026
Тепловой датчик,Не замкнут,СРАБОТКА,3706,0.7396,371,2237.0,60.36,1,2019,2026
Тепловой датчик,Выключен,ОТКЛЮЧЕНО,174,0.0347,72,0.0,0.0,1,2019,2025
Тепловой датчик,Отключено устройство,ОТКЛЮЧЕНО,24,0.0048,22,24.0,100.0,1,2022,2026
Тепловой датчик,Неисправен,ОТКАЗ,22,0.0044,7,17.0,77.27,1,2022,2026
